<?xml version="1.0" encoding="utf-8"?> 
<!-- 
  Synopsys, Inc.
  Version T-2022.09M-SP2-1
  Project file C:\Git\arch\cortex-m3\fpga-design\m3_m2s025_fabricip_ddr_flash_sdcard\synthesis\syntmp\run_option.xml
  Written on Fri Oct  4 17:24:12 2024


--> 
<project_attribute_list name="Project Settings"> 
     <option name="project_name" display_name="Project Name">m2s_creative_ddr_top_syn</option>
     <option name="device_name" display_name="Device Name">synthesis: Microchip SmartFusion2 : M2S025</option>
     <option name="impl_name" display_name="Implementation Name">synthesis</option>
     <option name="top_module" display_name="Top Module">m2s_creative_ddr_top</option>
     <option name="retiming" display_name="Retiming">0</option>
     <option name="resource_sharing" display_name="Resource Sharing">1</option>
     <option name="maxfan" display_name="Fanout Guide">10000</option>
     <option name="disable_io_insertion" display_name="Disable I/O Insertion">0</option>
     <option name="no_sequential_opt" display_name="Disable Sequential Optimizations">0</option>
     <option name="symbolic_fsm_compiler" display_name="FSM Compiler">1</option>
</project_attribute_list>

