<?xml version="1.0" encoding="ISO-8859-1" ?>
<?xml-stylesheet type="text/xsl" href="drcss.xsl"?>
<drcreport>
  <header>User_Interfaces</header>
  <drc>
    <status>C:\Microchip\Libero_SoC_v2023.2\Designer/data/drcreport\warn.png</status>
    <StatusMessage>Warning</StatusMessage>
    <message> bus interface data width mismatch</message>
    <detail> There is a data width mismatch between CoreAPB3_C0_0:APBmslave1:PWDATAS[0-31] and CoreUARTapb_C0_0:APB_bif:PWDATA[0-7] which may result in a loss of data.</detail>
    <crossprobe>liberoaction://cross_probe/smartdesign/User_Interfaces/pins/CoreAPB3_C0_0:APBmslave1</crossprobe>
  </drc>
  <drc>
    <status>C:\Microchip\Libero_SoC_v2023.2\Designer/data/drcreport\warn.png</status>
    <StatusMessage>Warning</StatusMessage>
    <message> bus interface data width mismatch</message>
    <detail> There is a data width mismatch between CoreAPB3_C0_0:APBmslave5:PWDATAS[0-31] and SD_IF_0:APB_bif:APB_bif_PWDATA[0-7] which may result in a loss of data.</detail>
    <crossprobe>liberoaction://cross_probe/smartdesign/User_Interfaces/pins/CoreAPB3_C0_0:APBmslave5</crossprobe>
  </drc>
  <drc>
    <status>C:\Microchip\Libero_SoC_v2023.2\Designer/data/drcreport\warn.png</status>
    <StatusMessage>Warning</StatusMessage>
    <message>Floating Driver</message>
    <detail>Floating output pin CoreGPIO_C0_0:GPIO_OUT</detail>
    <crossprobe>liberoaction://cross_probe/smartdesign/User_Interfaces/pins/CoreGPIO_C0_0:GPIO_OUT</crossprobe>
  </drc>
</drcreport>
