<?xml version="1.0" encoding="ISO-8859-1" ?>
<?xml-stylesheet type="text/xsl" href="drcss.xsl"?>
<drcreport>
  <header>ddr_mss</header>
  <drc>
    <status>C:\Microsemi\Libero_SoC_v2022.1\Designer/data/drcreport\error.png</status>
    <StatusMessage>Error</StatusMessage>
    <message>Out-of-date Instance</message>
    <detail>Component definition is not consistent for instance ddr_mss_sb_0</detail>
    <crossprobe>liberoaction://cross_probe/smartdesign/ddr_mss/instances/ddr_mss_sb_0</crossprobe>
  </drc>
</drcreport>
